{
  "departamentos": [
    {
      "id": "91",
      "nombre": "Amazonas",
      "municipios": [
        "Leticia",
        "Puerto Nariño",
        "El Encanto",
        "La Chorrera",
        "La Pedrera",
        "La Victoria",
        "Mirití - Paraná",
        "Puerto Alegría",
        "Puerto Arica",
        "Puerto Santander",
        "Tarapacá"
      ]
    },
    {
      "id": "05",
      "nombre": "Antioquia",
      "municipios": [
        "Medellín",
        "Abejorral",
        "Abriaquí",
        "Alejandría",
        "Amagá",
        "Amalfi",
        "Andes",
        "Angelópolis",
        "Angostura",
        "Anorí",
        "Santa Fe de Antioquia",
        "Anzá",
        "Apartadó",
        "Arboletes",
        "Argelia",
        "Armenia",
        "Barbosa",
        "Belmira",
        "Bello",
        "Betania",
        "Betulia",
        "Ciudad Bolívar",
        "Briceño",
        "Buriticá",
        "Cáceres",
        "Caicedo",
        "Caldas",
        "Campamento",
        "Cañasgordas",
        "Caracolí",
        "Caramanta",
        "Carepa",
        "El Carmen de Viboral",
        "Carolina",
        "Caucasia",
        "Chigorodó",
        "Cisneros",
        "Cocorná",
        "Concepción",
        "Concordia",
        "Copacabana",
        "Dabeiba",
        "Donmatías",
        "Ebéjico",
        "El Bagre",
        "Entrerríos",
        "Envigado",
        "Fredonia",
        "Frontino",
        "Giraldo",
        "Girardota",
        "Gómez Plata",
        "Granada",
        "Guadalupe",
        "Guarne",
        "Guatapé",
        "Heliconia",
        "Hispania",
        "Itagüí",
        "Ituango",
        "Jardín",
        "Jericó",
        "La Ceja",
        "La Estrella",
        "La Pintada",
        "La Unión",
        "Liborina",
        "Maceo",
        "Marinilla",
        "Montebello",
        "Murindó",
        "Mutatá",
        "Nariño",
        "Necoclí",
        "Nechí",
        "Olaya",
        "Peñol",
        "Peque",
        "Pueblorrico",
        "Puerto Berrío",
        "Puerto Nare",
        "Puerto Triunfo",
        "Remedios",
        "Retiro",
        "Rionegro",
        "Sabanalarga",
        "Sabaneta",
        "Salgar",
        "San Andrés de Cuerquia",
        "San Carlos",
        "San Francisco",
        "San Jerónimo",
        "San José de la Montaña",
        "San Juan de Urabá",
        "San Luis",
        "San Pedro de los Milagros",
        "San Pedro de Urabá",
        "San Rafael",
        "San Roque",
        "San Vicente",
        "Santa Bárbara",
        "Santa Rosa de Osos",
        "Santo Domingo",
        "El Santuario",
        "Segovia",
        "Sonsón",
        "Sopetrán",
        "Támesis",
        "Tarazá",
        "Tarso",
        "Titiribí",
        "Toledo",
        "Turbo",
        "Uramita",
        "Urrao",
        "Valdivia",
        "Valparaíso",
        "Vegachí",
        "Venecia",
        "Vigía del Fuerte",
        "Yalí",
        "Yarumal",
        "Yolombó",
        "Yondó",
        "Zaragoza"
      ]
    },
    {
      "id": "81",
      "nombre": "Arauca",
      "municipios": [
        "Arauca",
        "Arauquita",
        "Cravo Norte",
        "Fortul",
        "Puerto Rondón",
        "Saravena",
        "Tame"
      ]
    },
    {
      "id": "08",
      "nombre": "Atlántico",
      "municipios": [
        "Barranquilla",
        "Baranoa",
        "Campo de la Cruz",
        "Candelaria",
        "Galapa",
        "Juan de Acosta",
        "Luruaco",
        "Malambo",
        "Manatí",
        "Palmar de Varela",
        "Piojó",
        "Polonuevo",
        "Ponedera",
        "Puerto Colombia",
        "Repelón",
        "Sabanagrande",
        "Sabanalarga",
        "Santa Lucía",
        "Santo Tomás",
        "Soledad",
        "Suan",
        "Tubará",
        "Usiacurí"
      ]
    },
    {
      "id": "11",
      "nombre": "Bogotá D.C.",
      "municipios": [
        "Bogotá D.C."
      ]
    },
    {
      "id": "13",
      "nombre": "Bolívar",
      "municipios": [
        "Cartagena",
        "Achí",
        "Altos del Rosario",
        "Arenal",
        "Arjona",
        "Arroyohondo",
        "Barranco de Loba",
        "Calamar",
        "Cantagallo",
        "Cicuco",
        "Córdoba",
        "Clemencia",
        "El Carmen de Bolívar",
        "El Guamo",
        "El Peñón",
        "Hatillo de Loba",
        "Magangué",
        "Mahates",
        "Margarita",
        "María la Baja",
        "Montecristo",
        "Mompós",
        "Morales",
        "Norosí",
        "Pinillos",
        "Regidor",
        "Río Viejo",
        "San Cristóbal",
        "San Estanislao",
        "San Fernando",
        "San Jacinto",
        "San Jacinto del Cauca",
        "San Juan Nepomuceno",
        "San Martín de Loba",
        "San Pablo",
        "Santa Catalina",
        "Santa Rosa",
        "Santa Rosa del Sur",
        "Simití",
        "Soplaviento",
        "Talaigua Nuevo",
        "Tiquisio",
        "Turbaco",
        "Turbaná",
        "Villanueva",
        "Zambrano"
      ]
    },
    {
      "id": "15",
      "nombre": "Boyacá",
      "municipios": [
        "Tunja",
        "Almeida",
        "Aquitania",
        "Arcabuco",
        "Belén",
        "Berbeo",
        "Betéitiva",
        "Boavita",
        "Boyacá",
        "Briceño",
        "Buenavista",
        "Busbanzá",
        "Caldas",
        "Campohermoso",
        "Cerinza",
        "Chinavita",
        "Chiquinquirá",
        "Chiscas",
        "Chita",
        "Chitaraque",
        "Chivatá",
        "Ciénega",
        "Cómbita",
        "Coper",
        "Corrales",
        "Covarachía",
        "Cubará",
        "Cucaita",
        "Cuítiva",
        "Chíquiza",
        "Chivor",
        "Duitama",
        "El Cocuy",
        "El Espino",
        "Firavitoba",
        "Floresta",
        "Gachantivá",
        "Gameza",
        "Garagoa",
        "Guacamayas",
        "Guateque",
        "Guayatá",
        "Güicán",
        "Iza",
        "Jenesano",
        "Jericó",
        "Labranzagrande",
        "La Capilla",
        "La Victoria",
        "La Uvita",
        "Villa de Leyva",
        "Macanal",
        "Maripí",
        "Miraflores",
        "Mongua",
        "Monguí",
        "Moniquirá",
        "Motavita",
        "Muzos",
        "Nobsa",
        "Nuevo Colón",
        "Oicatá",
        "Otanche",
        "Pachavita",
        "Páez",
        "Paipa",
        "Pajarito",
        "Panqueba",
        "Pauna",
        "Paya",
        "Paz de Río",
        "Pesca",
        "Pisba",
        "Puerto Boyacá",
        "Quípama",
        "Ramiriquí",
        "Ráquira",
        "Rondón",
        "Saboyá",
        "Sáchica",
        "Samacá",
        "San Eduardo",
        "San José de Pare",
        "San Luis de Gaceno",
        "San Mateo",
        "San Miguel de Sema",
        "San Pablo de Borbur",
        "Santana",
        "Santa María",
        "Santa Rosa de Viterbo",
        "Santa Sofía",
        "Sativanorte",
        "Sativasur",
        "Siachoque",
        "Soatá",
        "Socotá",
        "Socha",
        "Sogamoso",
        "Somondoco",
        "Sora",
        "Sotaquirá",
        "Soracá",
        "Susacón",
        "Sutamarchán",
        "Sutatenza",
        "Tasco",
        "Tenza",
        "Tibaná",
        "Tibasosa",
        "Tinjacá",
        "Tipacoque",
        "Toca",
        "Togüí",
        "Tópaga",
        "Tota",
        "Tununguá",
        "Turmequé",
        "Tuta",
        "Tutazá",
        "Úmbita",
        "Ventaquemada",
        "Viracachá",
        "Zetaquira"
      ]
    },
    {
      "id": "17",
      "nombre": "Caldas",
      "municipios": [
        "Manizales",
        "Aguadas",
        "Anserma",
        "Aranzazu",
        "Belalcázar",
        "Chinchiná",
        "Filadelfia",
        "La Dorada",
        "La Merced",
        "Manzanares",
        "Marmato",
        "Marquetalia",
        "Marulanda",
        "Neira",
        "Norcasia",
        "Pácora",
        "Palestina",
        "Pensilvania",
        "Riosucio",
        "Risaralda",
        "Salamina",
        "Samaná",
        "San José",
        "Supía",
        "Victoria",
        "Villamaría",
        "Viterbo"
      ]
    },
    {
      "id": "18",
      "nombre": "Caquetá",
      "municipios": [
        "Florencia",
        "Albania",
        "Belén de los Andaquíes",
        "Cartagena del Chairá",
        "Curillo",
        "El Doncello",
        "El Paujil",
        "La Montañita",
        "Milán",
        "Morelia",
        "Puerto Rico",
        "San José del Fragua",
        "San Vicente del Caguán",
        "Solano",
        "Solita",
        "Valparaíso"
      ]
    },
    {
      "id": "85",
      "nombre": "Casanare",
      "municipios": [
        "Yopal",
        "Aguazul",
        "Chámeza",
        "Hato Corozal",
        "La Salina",
        "Maní",
        "Monterrey",
        "Nunchía",
        "Orocué",
        "Paz de Ariporo",
        "Pore",
        "Recetor",
        "Sabanalarga",
        "Sácama",
        "San Luis de Palenque",
        "Támara",
        "Tauramena",
        "Trinidad",
        "Villanueva"
      ]
    },
    {
      "id": "19",
      "nombre": "Cauca",
      "municipios": [
        "Popayán",
        "Almaguer",
        "Argelia",
        "Balboa",
        "Bolívar",
        "Buenos Aires",
        "Cajibío",
        "Caldono",
        "Caloto",
        "Corinto",
        "El Tambo",
        "Florencia",
        "Guachené",
        "Guapí",
        "Inzá",
        "Jambaló",
        "La Sierra",
        "La Vega",
        "López",
        "Mercaderes",
        "Miranda",
        "Morales",
        "Padilla",
        "Paez",
        "Patía",
        "Piamonte",
        "Piendamó",
        "Puerto Tejada",
        "Puracé",
        "Rosas",
        "San Sebastián",
        "Santander de Quilichao",
        "Santa Rosa",
        "Silvia",
        "Sotara",
        "Suárez",
        "Sucre",
        "Timbío",
        "Timbiquí",
        "Toribío",
        "Totoró",
        "Villa Rica"
      ]
    },
    {
      "id": "20",
      "nombre": "Cesar",
      "municipios": [
        "Valledupar",
        "Aguachica",
        "Agustín Codazzi",
        "Astrea",
        "Becerril",
        "Bosconia",
        "Chimichagua",
        "Chiriguaná",
        "Curumaní",
        "El Copey",
        "El Paso",
        "Gamarra",
        "González",
        "La Gloria",
        "La Jagua de Ibirico",
        "Manaure",
        "Pailitas",
        "Pelaya",
        "Pueblo Bello",
        "Río de Oro",
        "La Paz",
        "San Alberto",
        "San Diego",
        "San Martín",
        "Tamalameque"
      ]
    },
    {
      "id": "27",
      "nombre": "Chocó",
      "municipios": [
        "Quibdó",
        "Acandí",
        "Alto Baudo",
        "Atrato",
        "Bagadó",
        "Bahía Solano",
        "Bajo Baudó",
        "Bojaya",
        "El Cantón del San Pablo",
        "Carmen del Darién",
        "Cértegui",
        "Condoto",
        "El Carmen de Atrato",
        "El Litoral del San Juan",
        "Istmina",
        "Juradó",
        "Lloró",
        "Medio Atrato",
        "Medio Baudó",
        "Medio San Juan",
        "Nóvita",
        "Nuquí",
        "Río Iró",
        "Río Quito",
        "Riosucio",
        "San José del Palmar",
        "Sipí",
        "Tadó",
        "Unguía",
        "Unión Panamericana"
      ]
    },
    {
      "id": "23",
      "nombre": "Córdoba",
      "municipios": [
        "Montería",
        "Ayapel",
        "Buenavista",
        "Canalete",
        "Cereté",
        "Chimá",
        "Chinú",
        "Ciénaga de Oro",
        "Cotorra",
        "La Apartada",
        "Lorica",
        "Los Córdobas",
        "Momil",
        "Montelíbano",
        "Moñitos",
        "Planeta Rica",
        "Pueblo Nuevo",
        "Puerto Escondido",
        "Puerto Libertador",
        "Purísima",
        "Sahagún",
        "San Andrés Sotavento",
        "San Antero",
        "San Bernardo del Viento",
        "San Carlos",
        "San José de Uré",
        "San Pelayo",
        "Tierralta",
        "Tuchín",
        "Valencia"
      ]
    },
    {
      "id": "25",
      "nombre": "Cundinamarca",
      "municipios": [
        "Agua de Dios",
        "Albán",
        "Anapoima",
        "Anolaima",
        "Arbeláez",
        "Beltrán",
        "Bituima",
        "Bojacá",
        "Cabrera",
        "Cachipay",
        "Cajicá",
        "Caparrapí",
        "Caqueza",
        "Carmen de Carupa",
        "Chaguaní",
        "Chía",
        "Chipaque",
        "Choachí",
        "Chocontá",
        "Cogua",
        "Cota",
        "Cucunubá",
        "El Colegio",
        "El Peñón",
        "El Rosal",
        "Facatativá",
        "Fomeque",
        "Fosca",
        "Funza",
        "Fúquene",
        "Fusagasugá",
        "Gachala",
        "Gachancipá",
        "Gachetá",
        "Gama",
        "Girardot",
        "Granada",
        "Guachetá",
        "Guaduas",
        "Guasca",
        "Guataquí",
        "Guatavita",
        "Guayabal de Síquima",
        "Guayabetal",
        "Gutiérrez",
        "Jerusalén",
        "Junín",
        "La Calera",
        "La Mesa",
        "La Palma",
        "La Peña",
        "La Vega",
        "Lenguazaque",
        "Macheta",
        "Madrid",
        "Manta",
        "Medina",
        "Mosquera",
        "Nariño",
        "Nemocón",
        "Nilo",
        "Nimaima",
        "Nocaima",
        "Venecia",
        "Pacho",
        "Paime",
        "Pandi",
        "Paratebueno",
        "Pasca",
        "Puerto Salgar",
        "Pulí",
        "Quebradanegra",
        "Quetame",
        "Quipile",
        "Apulo",
        "Ricaurte",
        "San Antonio del Tequendama",
        "San Bernardo",
        "San Cayetano",
        "San Francisco",
        "San Juan de Rioseco",
        "Sasaima",
        "Sesquilé",
        "Sibaté",
        "Silvania",
        "Simijaca",
        "Soacha",
        "Sopó",
        "Subachoque",
        "Suesca",
        "Supatá",
        "Susa",
        "Sutatausa",
        "Tabio",
        "Tausa",
        "Tena",
        "Tenjo",
        "Tibacuy",
        "Tibirita",
        "Tocaima",
        "Tocancipá",
        "Topaipí",
        "Ubalá",
        "Ubaque",
        "Villa de San Diego de Ubaté",
        "Une",
        "Útica",
        "Vergara",
        "Vianí",
        "Villagómez",
        "Villapinzón",
        "Villeta",
        "Viotá",
        "Yacopí",
        "Zipacón",
        "Zipaquirá"
      ]
    },
    {
      "id": "94",
      "nombre": "Guainía",
      "municipios": [
        "Inírida",
        "Barrancominas",
        "Mapiripana",
        "San Felipe",
        "Puerto Colombia",
        "La Guadalupe",
        "Cacahual",
        "Pana Pana",
        "Morichal"
      ]
    },
    {
      "id": "95",
      "nombre": "Guaviare",
      "municipios": [
        "San José del Guaviare",
        "Calamar",
        "El Retorno",
        "Miraflores"
      ]
    },
    {
      "id": "41",
      "nombre": "Huila",
      "municipios": [
        "Neiva",
        "Acevedo",
        "Agrado",
        "Aipe",
        "Algeciras",
        "Altamira",
        "Baraya",
        "Campoalegre",
        "Colombia",
        "Elías",
        "Garzón",
        "Gigante",
        "Guadalupe",
        "Hobo",
        "Iquira",
        "Isnos",
        "La Argentina",
        "La Plata",
        "Nátaga",
        "Oporapa",
        "Paicol",
        "Palermo",
        "Palestina",
        "Pital",
        "Pitalito",
        "Rivera",
        "Saladoblanco",
        "San Agustín",
        "Santa María",
        "Suaza",
        "Tarqui",
        "Tesalia",
        "Tello",
        "Teruel",
        "Timaná",
        "Villavieja",
        "Yaguará"
      ]
    },
    {
      "id": "44",
      "nombre": "La Guajira",
      "municipios": [
        "Riohacha",
        "Albania",
        "Barrancas",
        "Dibulla",
        "Distracción",
        "El Molino",
        "Fonseca",
        "Hatonuevo",
        "La Jagua del Pilar",
        "Maicao",
        "Manaure",
        "San Juan del Cesar",
        "Uribia",
        "Urumita",
        "Villanueva"
      ]
    },
    {
      "id": "47",
      "nombre": "Magdalena",
      "municipios": [
        "Santa Marta",
        "Algarrobo",
        "Aracataca",
        "Ariguaní",
        "Cerro de San Antonio",
        "Chibolo",
        "Ciénaga",
        "Concordia",
        "El Banco",
        "El Piñón",
        "El Retén",
        "Fundación",
        "Guamal",
        "Nueva Granada",
        "Pedraza",
        "Pijiño del Carmen",
        "Pivijay",
        "Plato",
        "Puebloviejo",
        "Remolino",
        "Sabanas de San Ángel",
        "Salamina",
        "San Sebastián de Buenavista",
        "San Zenón",
        "Santa Ana",
        "Santa Bárbara de Pinto",
        "Sitionuevo",
        "Tenerife",
        "Zapayán",
        "Zona Bananera"
      ]
    },
    {
      "id": "50",
      "nombre": "Meta",
      "municipios": [
        "Villavicencio",
        "Acacías",
        "Barranca de Upía",
        "Cabuyaro",
        "Castilla la Nueva",
        "Cubarral",
        "Cumaral",
        "El Calvario",
        "El Castillo",
        "El Dorado",
        "Fuente de Oro",
        "Granada",
        "Guamal",
        "Mapiripán",
        "Mesetas",
        "La Macarena",
        "Uribe",
        "Lejanías",
        "Puerto Concordia",
        "Puerto Gaitán",
        "Puerto López",
        "Puerto Lleras",
        "Puerto Rico",
        "Restrepo",
        "San Carlos de Guaroa",
        "San Juan de Arama",
        "San Juanito",
        "San Martín",
        "Vista Hermosa"
      ]
    },
    {
      "id": "52",
      "nombre": "Nariño",
      "municipios": [
        "Pasto",
        "Albán",
        "Aldana",
        "Ancuya",
        "Arboleda",
        "Barbacoas",
        "Belén",
        "Buesaco",
        "Colón",
        "Consacá",
        "Contadero",
        "Córdoba",
        "Cuaspud",
        "Cumbal",
        "Cumbitara",
        "Chachagüí",
        "El Charco",
        "El Peñol",
        "El Rosario",
        "El Tablón de Gómez",
        "El Tambo",
        "Funes",
        "Guachucal",
        "Guaitarilla",
        "Gualmatán",
        "Iles",
        "Imués",
        "Ipiales",
        "La Cruz",
        "La Florida",
        "La Llanada",
        "La Tola",
        "La Unión",
        "Leiva",
        "Linares",
        "Los Andes",
        "Magüí",
        "Mallama",
        "Mosquera",
        "Nariño",
        "Olaya Herrera",
        "Ospina",
        "Francisco Pizarro",
        "Policarpa",
        "Potosí",
        "Providencia",
        "Puerres",
        "Pupiales",
        "Ricaurte",
        "Roberto Payán",
        "Samaniego",
        "Sandoná",
        "San Bernardo",
        "San Lorenzo",
        "San Pablo",
        "San Pedro de Cartago",
        "Santa Bárbara",
        "Santacruz",
        "Sapuyes",
        "Taminango",
        "Tangua",
        "San Andrés de Tumaco",
        "Túquerres",
        "Yacuanquer"
      ]
    },
    {
      "id": "54",
      "nombre": "Norte de Santander",
      "municipios": [
        "Cúcuta",
        "Abrego",
        "Arboledas",
        "Bochalema",
        "Bucarasica",
        "Cáchira",
        "Cácota",
        "Chinácota",
        "Chitagá",
        "Convención",
        "Cucutilla",
        "Durania",
        "El Carmen",
        "El Tarra",
        "El Zulia",
        "Gramalote",
        "Hacarí",
        "Herrán",
        "Labateca",
        "La Esperanza",
        "La Playa",
        "Los Patios",
        "Lourdes",
        "Mutiscua",
        "Ocaña",
        "Pamplona",
        "Pamplonita",
        "Puerto Santander",
        "Ragonvalia",
        "Salazar",
        "San Calixto",
        "San Cayetano",
        "Santiago",
        "Sardinata",
        "Silos",
        "Teorama",
        "Tibú",
        "Toledo",
        "Villa Caro",
        "Villa del Rosario"
      ]
    },
    {
      "id": "86",
      "nombre": "Putumayo",
      "municipios": [
        "Mocoa",
        "Colón",
        "Orito",
        "Puerto Asís",
        "Puerto Caicedo",
        "Puerto Guzmán",
        "Puerto Leguízamo",
        "Sibundoy",
        "San Francisco",
        "San Miguel",
        "Santiago",
        "Valle del Guamuez",
        "Villagarzón"
      ]
    },
    {
      "id": "63",
      "nombre": "Quindío",
      "municipios": [
        "Armenia",
        "Buenavista",
        "Calarcá",
        "Circasia",
        "Córdoba",
        "Filandia",
        "Génova",
        "La Tebaida",
        "Montenegro",
        "Pijao",
        "Quimbaya",
        "Salento"
      ]
    },
    {
      "id": "66",
      "nombre": "Risaralda",
      "municipios": [
        "Pereira",
        "Apía",
        "Balboa",
        "Belén de Umbría",
        "Dosquebradas",
        "Guática",
        "La Celia",
        "La Virginia",
        "Marsella",
        "Mistrató",
        "Pueblo Rico",
        "Quinchía",
        "Santa Rosa de Cabal",
        "Santuario"
      ]
    },
    {
      "id": "88",
      "nombre": "San Andrés y Providencia",
      "municipios": [
        "San Andrés",
        "Providencia"
      ]
    },
    {
      "id": "68",
      "nombre": "Santander",
      "municipios": [
        "Bucaramanga",
        "Aguada",
        "Albania",
        "Aratoca",
        "Barbosa",
        "Barichara",
        "Barrancabermeja",
        "Betulia",
        "Bolívar",
        "Cabrera",
        "California",
        "Capitanejo",
        "Carcasí",
        "Cepitá",
        "Cerrito",
        "Charalá",
        "Charta",
        "Chima",
        "Chipatá",
        "Cimitarra",
        "Concepción",
        "Confines",
        "Contratación",
        "Coromoro",
        "Curití",
        "El Carmen de Chucurí",
        "El Guacamayo",
        "El Peñón",
        "El Playón",
        "Encino",
        "Enciso",
        "Florián",
        "Floridablanca",
        "Galán",
        "Gambita",
        "Girón",
        "Guaca",
        "Guadalupe",
        "Guapotá",
        "Guavatá",
        "Güepsa",
        "Hato",
        "Jesús María",
        "Jordán",
        "La Belleza",
        "Landázuri",
        "La Paz",
        "Lebrija",
        "Los Santos",
        "Macaravita",
        "Málaga",
        "Matanza",
        "Mogotes",
        "Molagavita",
        "Ocamonte",
        "Oiba",
        "Onzaga",
        "Palmar",
        "Palmas del Socorro",
        "Páramo",
        "Piedecuesta",
        "Pinchote",
        "Puente Nacional",
        "Puerto Parra",
        "Puerto Wilches",
        "Rionegro",
        "Sabana de Torres",
        "San Andrés",
        "San Benito",
        "San Gil",
        "San Joaquín",
        "San José de Miranda",
        "San Miguel",
        "San Vicente de Chucurí",
        "Santa Bárbara",
        "Santa Helena del Opón",
        "Simacota",
        "Socorro",
        "Suaita",
        "Sucre",
        "Suratá",
        "Tona",
        "Valle de San José",
        "Vélez",
        "Vetas",
        "Villanueva",
        "Zapatoca"
      ]
    },
    {
      "id": "70",
      "nombre": "Sucre",
      "municipios": [
        "Sincelejo",
        "Buenavista",
        "Caimito",
        "Colosó",
        "Corozal",
        "Coveñas",
        "Chalán",
        "El Roble",
        "Galeras",
        "Guaranda",
        "La Unión",
        "Los Palmitos",
        "Majagual",
        "Morroa",
        "Ovejas",
        "Palmito",
        "Sampués",
        "San Benito Abad",
        "San Juan de Betulia",
        "San Marcos",
        "San Onofre",
        "San Pedro",
        "San Luis de Sincé",
        "Sucre",
        "Santiago de Tolú",
        "Tolú Viejo"
      ]
    },
    {
      "id": "73",
      "nombre": "Tolima",
      "municipios": [
        "Ibagué",
        "Alpujarra",
        "Alvarado",
        "Ambalema",
        "Anzoátegui",
        "Armero",
        "Ataco",
        "Cajamarca",
        "Carmen de Apicalá",
        "Casabianca",
        "Chaparral",
        "Coello",
        "Coyaima",
        "Cunday",
        "Dolores",
        "Espinal",
        "Falan",
        "Flandes",
        "Fresno",
        "Guamo",
        "Herveo",
        "Honda",
        "Icononzo",
        "Lérida",
        "Líbano",
        "Mariquita",
        "Melgar",
        "Murillo",
        "Natagaima",
        "Ortega",
        "Palocabildo",
        "Planadas",
        "Prado",
        "Purificación",
        "Rioblanco",
        "Roncesvalles",
        "Rovira",
        "Saldaña",
        "San Antonio",
        "San Luis",
        "Santa Isabel",
        "Suárez",
        "Valle de San Juan",
        "Venadillo",
        "Villahermosa",
        "Villarrica"
      ]
    },
    {
      "id": "76",
      "nombre": "Valle del Cauca",
      "municipios": [
        "Cali",
        "Alcalá",
        "Andalucía",
        "Ansermanuevo",
        "Argelia",
        "Bolívar",
        "Buenaventura",
        "Guadalajara de Buga",
        "Bugalagrande",
        "Caicedonia",
        "Calima",
        "Candelaria",
        "Cartago",
        "Dagua",
        "El Águila",
        "El Cairo",
        "El Cerrito",
        "El Dovio",
        "Florida",
        "Ginebra",
        "Guacarí",
        "Jamundí",
        "La Cumbre",
        "La Unión",
        "La Victoria",
        "Obando",
        "Palmira",
        "Pradera",
        "Restrepo",
        "Riofrío",
        "Roldanillo",
        "San Pedro",
        "Sevilla",
        "Toro",
        "Trujillo",
        "Tuluá",
        "Ulloa",
        "Versalles",
        "Vijes",
        "Yotoco",
        "Yumbo",
        "Zarzal"
      ]
    },
    {
      "id": "97",
      "nombre": "Vaupés",
      "municipios": [
        "Mitú",
        "Carurú",
        "Taraira",
        "Papunahua",
        "Yavaraté",
        "Pacoa"
      ]
    },
    {
      "id": "99",
      "nombre": "Vichada",
      "municipios": [
        "Puerto Carreño",
        "La Primavera",
        "Santa Rosalía",
        "Cumaribo"
      ]
    }
  ]
}